PID,ST_NUM,ST_NAME,OWN_OCCUPIED,NUM_BEDROOMS,NUM_BATH,SQ_FT
100001000.0,182.5,PUTNAM,,,1.5,1600
100002000.0,197.0,LEXINGTON,,,1.5,1600
100003000.0,195.56593406593407,LEXINGTON,,,1.5,850
100004000.0,201.0,BERKELEY,,,1.5,1600
100005000.0,203.0,BERKELEY,,,1.5,1600
100006000.0,207.0,BERKELEY,,,1.5,1600
100007000.0,209.7197802197802,WASHINGTON,,,1.5,950
100008000.0,213.0,TREMONT,,,1.5,1600
100009000.0,215.0,TREMONT,,,1.5,1800
