PID,ST_NUM,ST_NAME,OWN_OCCUPIED,NUM_BEDROOMS,NUM_BATH,SQ_FT
100001000.0,182.5,PUTNAM,Y,3,1,1000
100002000.0,197.0,LEXINGTON,N,3,1.5,--
100003000.0,195.50641025641028,LEXINGTON,N,,1,850
100004000.0,201.0,BERKELEY,12,1,,700
100005000.0,203.0,BERKELEY,Y,3,2,1600
100006000.0,207.0,BERKELEY,Y,,1,800
100007000.0,209.6602564102564,WASHINGTON,,2,HURLEY,950
100008000.0,213.0,TREMONT,Y,1,1,
100009000.0,215.0,TREMONT,Y,na,2,1800
