PID,ST_NUM,ST_NAME,OWN_OCCUPIED,NUM_BEDROOMS,NUM_BATH,SQ_FT
100001000.0,182.5,PUTNAM,,,,
100002000.0,197.0,LEXINGTON,,,1.5,
100003000.0,195.50641025641028,LEXINGTON,,,,850.0
100004000.0,201.0,BERKELEY,,,,
100005000.0,203.0,BERKELEY,,,,1600.0
100006000.0,207.0,BERKELEY,,,,
100007000.0,209.6602564102564,WASHINGTON,,,,950.0
100008000.0,213.0,TREMONT,,,,
100009000.0,215.0,TREMONT,,,,1800.0
